{
  "id": "redpill-dtb",
  "url": "https://github.com/tossp/redpill-tool-chain/raw/master/extensions/redpill-dtb.json",
  "info": {
    "name": "Device tree binary",
    "description": "Create your own device tree binary",
    "author_url": "https://github.com/jumkey/redpill-load/raw/develop/redpill-dtb",
    "packer_url": "https://github.com/jumkey/redpill-load/raw/develop/redpill-dtb",
    "help_url": "https://github.com/jumkey/redpill-load/raw/develop/redpill-dtb"
  },
  "releases": {
    "ds920p_42218": "https://github.com/pocopico/redpill-load/raw/develop/redpill-dtb/recipes/universal.json",
    "ds920p_42550": "https://github.com/pocopico/redpill-load/raw/develop/redpill-dtb/recipes/universal.json",
    "ds920p_42621": "https://github.com/pocopico/redpill-load/raw/develop/redpill-dtb/recipes/universal.json",
    "ds920p_42661": "https://github.com/pocopico/redpill-load/raw/develop/redpill-dtb/recipes/universal.json",
    "ds1621p_42218": "https://github.com/pocopico/redpill-load/raw/develop/redpill-dtb/recipes/universal.json",
    "ds1621p_42621": "https://github.com/pocopico/redpill-load/raw/develop/redpill-dtb/recipes/universal.json",
    "ds1621p_42661": "https://github.com/pocopico/redpill-load/raw/develop/redpill-dtb/recipes/universal.json",
    "ds2422p_42218": "https://github.com/pocopico/redpill-load/raw/develop/redpill-dtb/recipes/universal.json",
    "ds2422p_42621": "https://github.com/pocopico/redpill-load/raw/develop/redpill-dtb/recipes/universal.json",
    "ds2422p_42661": "https://github.com/pocopico/redpill-load/raw/develop/redpill-dtb/recipes/universal.json"
  }
}
