{
  "id": "thethorgroup.virtio",
  "url": "https://github.com/tossp/redpill-tool-chain/raw/master/extensions/redpill-virtio.json",
  "info": {
    "name": "VirtIO",
    "description": "Adds VirtIO support for fast network/PCI/SCSI/network/console paravirtualization under QEmu (Proxmox, VirtualBox, virsh, and similar)",
    "author_url": "https://www.linux-kvm.org/page/Virtio",
    "packer_url": "https://github.com/RedPill-TTG/redpill-virtio",
    "help_url": "<todo>"
  },
  "releases": {
    "ds3615xs_25556": "https://github.com/RedPill-TTG/redpill-virtio/raw/master/recipes/ds3615xs_25556.json",
    "ds3615xs_41222": "https://github.com/RedPill-TTG/redpill-virtio/raw/master/recipes/ds3615xs_41222.json",
    "ds3615xs_42218": "https://github.com/RedPill-TTG/redpill-virtio/raw/master/recipes/ds3615xs_41222.json",
    "ds3615xs_42621": "https://github.com/RedPill-TTG/redpill-virtio/raw/master/recipes/ds3615xs_41222.json",
    "ds3615xs_42661": "https://github.com/RedPill-TTG/redpill-virtio/raw/master/recipes/ds3615xs_41222.json",
    "ds918p_25556": "https://github.com/RedPill-TTG/redpill-virtio/raw/master/recipes/ds918p_25556.json",
    "ds918p_41890": "https://github.com/RedPill-TTG/redpill-virtio/raw/master/recipes/ds918p_41890.json",
    "ds918p_42218": "https://github.com/RedPill-TTG/redpill-virtio/raw/master/recipes/ds918p_41890.json",
    "ds918p_42621": "https://github.com/RedPill-TTG/redpill-virtio/raw/master/recipes/ds918p_41890.json",
    "ds918p_42661": "https://github.com/RedPill-TTG/redpill-virtio/raw/master/recipes/ds918p_41890.json",
    "ds920p_42550": "https://github.com/jumkey/redpill-load/raw/develop/redpill-virtio/recipes/ds920p_41890.json",
    "ds920p_42218": "https://github.com/jumkey/redpill-load/raw/develop/redpill-virtio/recipes/ds920p_41890.json",
    "ds920p_42621": "https://github.com/jumkey/redpill-load/raw/develop/redpill-virtio/recipes/ds920p_41890.json",
    "ds920p_42661": "https://github.com/jumkey/redpill-load/raw/develop/redpill-virtio/recipes/ds920p_41890.json",
    "ds1621p_42218": "https://github.com/jumkey/redpill-load/raw/develop/redpill-virtio/recipes/ds1621p_41890.json",
    "ds1621p_42621": "https://github.com/jumkey/redpill-load/raw/develop/redpill-virtio/recipes/ds1621p_41890.json",
    "ds1621p_42661": "https://github.com/jumkey/redpill-load/raw/develop/redpill-virtio/recipes/ds1621p_41890.json",
    "ds2422p_42218": "https://github.com/jumkey/redpill-load/raw/develop/redpill-virtio/recipes/ds1621p_41890.json",
    "ds2422p_42621": "https://github.com/jumkey/redpill-load/raw/develop/redpill-virtio/recipes/ds1621p_41890.json",
    "ds2422p_42661": "https://github.com/jumkey/redpill-load/raw/develop/redpill-virtio/recipes/ds1621p_41890.json",
    "ds3617xs_42218": "https://github.com/jumkey/redpill-load/raw/develop/redpill-virtio/recipes/ds3617xs_41890.json",
    "ds3617xs_42621": "https://github.com/jumkey/redpill-load/raw/develop/redpill-virtio/recipes/ds3617xs_41890.json",
    "ds3617xs_42661": "https://github.com/jumkey/redpill-load/raw/develop/redpill-virtio/recipes/ds3617xs_41890.json",
    "ds3622xsp_42218": "https://github.com/jumkey/redpill-load/raw/develop/redpill-virtio/recipes/ds3622xsp_41890.json",
    "ds3622xsp_42550": "https://github.com/jumkey/redpill-load/raw/develop/redpill-virtio/recipes/ds3622xsp_41890.json",
    "ds3622xsp_42621": "https://github.com/jumkey/redpill-load/raw/develop/redpill-virtio/recipes/ds3622xsp_41890.json",
    "ds3622xsp_42661": "https://github.com/jumkey/redpill-load/raw/develop/redpill-virtio/recipes/ds3622xsp_41890.json"
  }
}
